{
  "S1": [
    140.1494712345437,
    235.27457358105184,
    249.5771200191335,
    474.0533729261285,
    1779.2484942121557,
    88.36533871779082,
    466.68892226349004,
    5100.819783809211,
    1398.8300263267517,
    66.99289690972941
  ],
  "S1Sum": 9999.999999999853,
  "Σγ": [
    4765.741592712536,
    7789.377867600595,
    14204.001244092391,
    7608.08468124325,
    15961.366149482796,
    3182.583475913798,
    8713.832305413847,
    16749.578849324982,
    7554.346206916689,
    3471.0876272991068
  ],
  "Σξ": [
    [
      3336.0261097485704,
      32.92941932644846,
      337.0034348910098,
      621.4781047665782,
      141.95746522152606,
      13.65013208240863,
      151.08004113899779,
      62.44954096817939,
      0.13899604548340797,
      69.0283485232935
    ],
    [
      18.70612723481559,
      5356.135928896913,
      545.6455751194643,
      1070.1010851051176,
      250.0796420324157,
      14.873825083216701,
      267.6527785495476,
      116.53968843652116,
      3.102497618943164,
      146.54071952363051
    ],
    [
      48.00855594534021,
      82.0896699022594,
      12130.804428153195,
      210.8909366544824,
      486.1920446668549,
      40.78312657032519,
      87.26712049752813,
      701.5009334709321,
      416.46442823143633,
      3.1639099280543223e-187
    ],
    [
      1318.3735971078404,
      2264.977883708866,
      1044.9540120439535,
      74.4635265585551,
      990.3831054854256,
      912.5893387807176,
      622.0338708497753,
      179.8198525371612,
      8.480529093083034e-13,
      200.48949417091418
    ],
    [
      101.43874425922382,
      151.94785944834192,
      668.9855402510003,
      962.9302985769497,
      7930.169423048045,
      58.26034404823096,
      512.9986018515658,
      373.6063968929272,
      5030.714835484023,
      170.31410562246674
    ],
    [
      0.006366493085936073,
      3.2939146304188727,
      221.29958593863634,
      432.2801515445,
      87.08541495322109,
      2177.6153689567595,
      129.5637497845622,
      48.06754961928746,
      20.396871713831292,
      62.974502279525375
    ],
    [
      25.617705469856887,
      45.29224531843385,
      370.9851903038853,
      939.0000796991027,
      367.47453554809465,
      20.904558581629143,
      6495.0619556687025,
      270.49418750458426,
      58.60783667704022,
      120.39401064248679
    ],
    [
      29.51945276559122,
      42.34879936408507,
      217.4433020933411,
      171.42639068066813,
      4595.382195230835,
      33.03122380248711,
      441.8911806805876,
      10304.992437276433,
      839.565235830134,
      73.97863160081114
    ],
    [
      415.9889468914731,
      658.6310464355364,
      806.9075062424992,
      3383.861727438385,
      702.8171229790955,
      265.0411232565045,
      645.8448882213177,
      237.2877702232107,
      204.72062620523144,
      233.24544902343393
    ],
    [
      21.88660299985937,
      27.852362133459955,
      5.190103975864514e-162,
      46.40905337144355,
      115.2283437323058,
      7.141105812989623,
      15.944543538462588,
      182.24884610513223,
      129.39766448832324,
      2924.979105117149
    ]
  ],
  "Σγo": [
    [
      {
        "Hist": {
          "director": 9.53026538880466e-08,
          "founder": 9.05390142519184e-57,
          "junior": 4.375164508342484e-93,
          "manager": 3.27856241697244,
          "senior": 3.1356601710291305e-45,
          "senior_manager": 0.0023089116659103658,
          "senior_staff": 7.843011338737481e-54,
          "staff": 1.5022214490783287e-92,
          "tech": 5.424717265894042e-79,
          "vp": 5452.440808726296
        },
        "Sum": 5455.721680150162
      },
      {
        "Hist": {
          "facebook": 1.5440011678323242,
          "google": 0.006736961744439031,
          "linkedin": 5454.170942020678
        },
        "Sum": 5455.721680150215
      }
    ],
    [
      {
        "Hist": {
          "director": 15.94596518869311,
          "founder": 4.657215795370097e-22,
          "junior": 2.1724543337981726e-89,
          "manager": 8.47734078533649e-06,
          "senior": 8.066795976615959e-30,
          "senior_manager": 10.481516064032636,
          "senior_staff": 1.4895138164341782e-25,
          "staff": 2.4373619785591267e-79,
          "tech": 8.406045028174819e-40,
          "vp": 8874.346213015737
        },
        "Sum": 8900.773702745773
      },
      {
        "Hist": {
          "facebook": 1.3519438724286879e-12,
          "google": 8900.768460654064,
          "linkedin": 0.0052420917405755245
        },
        "Sum": 8900.773702745804
      }
    ],
    [
      {
        "Hist": {
          "director": 0.9999816400064544,
          "founder": 16549.98638490274,
          "junior": 4.9149047501630974e-101,
          "manager": 27.687766143985346,
          "senior": 2.64219510135841e-30,
          "senior_manager": 8.364226698741193,
          "senior_staff": 0.9670397856203305,
          "staff": 4.182377773009866e-08,
          "tech": 5.600295780378935,
          "vp": 6.286782121512001e-08
        },
        "Sum": 16593.60569505561
      },
      {
        "Hist": {
          "facebook": 5.0467878258694664e-89,
          "google": 10274.942341950155,
          "linkedin": 6318.663353105913
        },
        "Sum": 16593.605695056027
      }
    ],
    [
      {
        "Hist": {
          "director": 6711.793189931487,
          "founder": 0.01627773817579767,
          "junior": 1.7685389774707886e-93,
          "manager": 617.1990083287316,
          "senior": 4.146853719435142,
          "senior_manager": 422.63176904784564,
          "senior_staff": 0.00020054748435120227,
          "staff": 5.918321511574236e-49,
          "tech": 2.527256425546882e-32,
          "vp": 631.1074280087817
        },
        "Sum": 8386.89472732194
      },
      {
        "Hist": {
          "facebook": 1696.6126718981343,
          "google": 4150.264568542834,
          "linkedin": 2540.0174868809377
        },
        "Sum": 8386.894727321951
      }
    ],
    [
      {
        "Hist": {
          "director": 28.955465032975045,
          "founder": 0.0007797639689379541,
          "junior": 6.480255059786621e-41,
          "manager": 6879.955380789281,
          "senior": 1077.5912368481263,
          "senior_manager": 9.973333459611652,
          "senior_staff": 2758.7827426280505,
          "staff": 6428.047608194368,
          "tech": 45.4382343531499,
          "vp": 217.2730060403822
        },
        "Sum": 17446.017787109773
      },
      {
        "Hist": {
          "facebook": 3614.363830090999,
          "google": 8584.501808185856,
          "linkedin": 5247.152148833013
        },
        "Sum": 17446.01778710985
      }
    ],
    [
      {
        "Hist": {
          "director": 1.2956777550391829e-11,
          "founder": 1.0591142570369152,
          "junior": 3.099471333226854e-152,
          "manager": 2.205646874018391e-13,
          "senior": 7.97650892196508e-45,
          "senior_manager": 2.6149861443194347,
          "senior_staff": 2.2833535794152595e-103,
          "staff": 2.79948090767241e-58,
          "tech": 1.6292262518503864e-137,
          "vp": 3628.5813852916563
        },
        "Sum": 3632.2554856929723
      },
      {
        "Hist": {
          "facebook": 3632.2554638362153,
          "google": 1.0965434426269463e-08,
          "linkedin": 2.1845890757107694e-05
        },
        "Sum": 3632.255485692983
      }
    ],
    [
      {
        "Hist": {
          "director": 4797.1522931471945,
          "founder": 7.435430465060402e-08,
          "junior": 1.1767296089112464e-54,
          "manager": 100.53904425740816,
          "senior": 0.0011409908431495553,
          "senior_manager": 4884.834697298138,
          "senior_staff": 1.0865110834550055e-16,
          "staff": 3.3463591526813656e-31,
          "tech": 1.5304661931169743,