{
  "S1": [
    481.7985342262764,
    136.98597730905337,
    486.6445342179159,
    141.6348940148588,
    5033.877987728951,
    116.0472766335276,
    485.01580398171717,
    2541.1838451172584,
    116.33373983460791,
    460.4774069358264
  ],
  "S1Sum": 9999.999999999918,
  "Σγ": [
    18062.08861535967,
    7289.172544474788,
    3743.1347752617016,
    7886.154780404036,
    15557.283777119777,
    6889.997843001337,
    8904.118854624303,
    9101.679979033619,
    8109.791777443935,
    4456.5770532766755
  ],
  "Σξ": [
    [
      12145.700863492653,
      772.1132904954951,
      0,
      718.31464594654,
      0,
      689.4878952529562,
      2916.3417080029067,
      0.005040173434683404,
      820.1251719956131,
      0
    ],
    [
      132.09234905906897,
      6107.207801492393,
      117.62729373505276,
      4.072877626312873e-224,
      404.2877338826377,
      2.620945916290195e-186,
      133.88549829624958,
      264.22859781487807,
      6.164585112053002e-198,
      129.84327019453755
    ],
    [
      1550.3074777850977,
      164.13221274950735,
      62.0567489389109,
      155.78399871955517,
      70.7447029321834,
      122.74569718703417,
      1268.659644630656,
      136.06084882262368,
      159.32608500389884,
      53.31735849223698
    ],
    [
      142.82015508942038,
      2.166570222144141e-228,
      123.7332299014889,
      6810.919788775555,
      339.9707019823839,
      6.709429795943181e-206,
      116.70967667489394,
      224.11262896814154,
      1.6222144585135204e-256,
      127.8885990121703
    ],
    [
      0.34068479040445376,
      159.52654707146618,
      0,
      130.38439335764267,
      8963.600947773655,
      129.30539213946923,
      171.8488544911548,
      2491.357136383811,
      157.12225294057902,
      3353.79756817163
    ],
    [
      109.86404113019051,
      8.463121668587229e-190,
      113.92378285006907,
      6.363045303907868e-204,
      303.4578418550437,
      5932.339597130591,
      122.06909262644163,
      206.24717127721405,
      3.42148773765926e-198,
      102.09631613175895
    ],
    [
      5914.594470995015,
      583.0557691394489,
      0,
      540.9063813927388,
      130.01089598379104,
      507.7959014034002,
      154.22863842232792,
      299.1474780425398,
      639.482422926235,
      134.89689631879466
    ],
    [
      5.5749566880213915e-266,
      575.762228328987,
      0,
      578.6226049033523,
      310.31730806320223,
      471.12564018563586,
      3468.0758357643267,
      2934.872498174715,
      621.1358128706241,
      141.7680507427639
    ],
    [
      152.0420255933907,
      2.5004390759886638e-198,
      129.69814005477073,
      1.9951980496924042e-252,
      370.1878153788255,
      1.0423281783996763e-195,
      124.59275283539169,
      270.2554709226746,
      6933.728507370873,
      129.28706528801877
    ],
    [
      0,
      87.29452212516037,
      2980.3756336249326,
      88.38980587891844,
      144.4470651763618,
      93.03465533190747,
      752.3177470027094,
      140.10086155940976,
      106.95857385336727,
      63.65818872391608
    ]
  ],
  "Σγo": [
    [
      {
        "Hist": {
          "director": 16291.441569788609,
          "manager": 15920.17509923929,
          "senior_manager": 15504.29259879112,
          "vp": 158579.69675379616
        },
        "Sum": 206295.60602161277
      },
      {
        "Hist": {
          "facebook": 41212.99038178361,
          "google": 102560.96667820583,
          "linkedin": 62521.64896162596
        },
        "Sum": 206295.60602161376
      }
    ],
    [
      {
        "Hist": {
          "director": 11750.295132135205,
          "founder": 42598.80933912119,
          "manager": 4214.241439782985,
          "senior": 4463.151788525689,
          "senior_manager": 4581.804133753524,
          "senior_staff": 9436.570915614571,
          "staff": 4422.746595271369,
          "vp": 4393.16414291033
        },
        "Sum": 85860.78348711369
      },
      {
        "Hist": {
          "facebook": 17349.385775965537,
          "google": 43204.42244546352,
          "linkedin": 25306.975265685825
        },
        "Sum": 85860.78348711522
      }
    ],
    [
      {
        "Hist": {
          "senior": 3040.1672992477747,
          "senior_staff": 30951.729857265058,
          "staff": 3069.349977221962,
          "tech": 3079.3464994966225
        },
        "Sum": 40140.5936332313
      },
      {
        "Hist": {
          "facebook": 8045.363536707609,
          "google": 19988.116589545007,
          "linkedin": 12107.113506978707
        },
        "Sum": 40140.59363323127
      }
    ],
    [
      {
        "Hist": {
          "director": 5735.648342548862,
          "founder": 60660.77015545317,
          "manager": 6324.695554266226,
          "senior": 6305.139446141393,
          "senior_manager": 4.877041553422081e-208,
          "senior_staff": 7.235244106296324e-181,
          "staff": 6280.981298851852,
          "vp": 6342.330332630031
        },
        "Sum": 91649.56512989134
      },
      {
        "Hist": {
          "facebook": 18062.400953725064,
          "google": 45606.6381408795,
          "linkedin": 27980.52603528674
        },
        "Sum": 91649.56512989038
      }
    ],
    [
      {
        "Hist": {
          "junior": 47261,
          "senior": 49418.66316905374,
          "staff": 8700.826791583926,
          "tech": 55328.54004693259
        },
        "Sum": 160709.0300075705
      },
      {
        "Hist": {
          "facebook": 32169.33372832996,
          "google": 80433.80067832135,
          "linkedin": 48105.895600918855
        },
        "Sum": 160709.03000757005
      }
    ],
    [
      {
        "Hist": {
          "director": 3572.32336351174,
          "founder": 46770.5665051446,
          "manager": 4999.280832532619,
          "senior": 4724.072759634775,
          "senior_manager": 10813.712995508651,
          "senior_staff": 7.345764520756094e-173,
          "staff": 4790.699536807016,
          "vp": 4948.16455950642
        },
        "Sum": 80618.82055264464
      },
      {
        "Hist": {
          "facebook": 16221.568530319453,
          "google": 39836.38935937774,
          "linkedin": 24560.862662948395
        },
        "Sum": 80618.82055264559
      }
    ],
    [
      {
        "Hist": {
          "director": 74640.12658300978,
          "manager": 7452.120149237735,
          "senior_manager": 7564.730936761835,
          "vp": 7480.474858278958
        },
        "Sum": 97137.45252728855
      },
      {
        "Hist": {
          "facebook": 19331.22259850965,
          "google": 48422.33615733801,
          "linkedin": 29383.89377144044
        },
        "Sum": 97137.45252728819
      }
    ],
    [
      {
        "Hist": {
          "director": 7435.165009005802,
          "manager": 36320.55504811628,
          "senior_manager": 43976.37221772045,
          "vp": 7343.623497724479
        },
        "Sum": 95075.7157725661
      },
      {
        "Hist": {
          "facebook": 18975.560219507064,
          "google": 47732.07886097692,
          "linkedin": 28368.07669208281
        },
        "Sum": 95075.71577256703
      }
    ],
    [
      {
        "Hist": {
          "director": 2.6639575475567915e-167,
          "founder": 55795.85400028129,
          "manager": 5537.931876824725,
          "senior": 5350.6673085851735,
          "senior_manager": 5926.0871174642625,
          "senior_staff": 12010.449634091481,
          "staff": 5405.589875558173,
          "vp": 5515.545855153197
        },
        "Sum": 95542.1256679572
      },
      {
        "Hist": {
          "facebook": 18872.883205923477,
          "google": 47882.20326272983,
          "linkedin": 28787.039199304883
        },
        "Sum": 95542.12566795776
      }
    ],
    [
      {
        "Hist": {
          "junior": 2.9023158908328117e-130,