{
  "S1": [
    4205.108230752462,
    923.8363434246659,
    959.1105766965834,
    1012.7415637499173,
    1518.2144855676577,
    91.38855735870966,
    289.189254401598,
    468.41127564094506,
    531.9997124074621
  ],
  "S1Sum": 9999.99999999994,
  "Σγ": [
    7405.95561394331,
    5811.831830888749,
    4786.063327220854,
    3758.693814697431,
    3219.851827111499,
    912.0783195603632,
    4857.317495028886,
    3759.8853711985225,
    5488.322400350375
  ],
  "Σξ": [
    [
      3124.9162000189035,
      2775.4859355922854,
      5.52749676558557e-27,
      165.462874126666,
      1205.05289649903,
      10.770339877692853,
      108.95801805189292,
      2.9351888910864616e-23,
      15.309349776842568
    ],
    [
      39.916870783201645,
      2334.457502407907,
      2223.006634096888,
      439.84691145933465,
      278.37583000157963,
      57.780796076019506,
      229.84154163917958,
      152.7526997238531,
      55.853044700796104
    ],
    [
      51.62772821465088,
      64.52928157094868,
      2467.035375407564,
      72.6850140588769,
      79.62724724511321,
      31.450731389119785,
      268.32440384338713,
      978.9743474697229,
      771.8091980214455
    ],
    [
      26.99581263496662,
      112.87496791301314,
      191.72633494169372,
      136.00944675022475,
      108.1513403322012,
      88.93211399914728,
      542.4736637268803,
      2450.225373533991,
      101.30476086530156
    ],
    [
      22.66393598116197,
      55.61729719708796,
      173.12384413352532,
      2151.2212641199394,
      85.54870225099062,
      85.9905622934278,
      533.1473952315102,
      36.30093408827869,
      76.23789181558735
    ],
    [
      37.310755457912464,
      29.35759084042861,
      0.6117113464346211,
      7.558307977429363,
      10.165516098243899,
      814.9160347571603,
      1.2978426155743788e-17,
      9.283812432717063,
      2.8745906500395844
    ],
    [
      165.13875432504958,
      98.15672177552429,
      129.25459932302283,
      61.45847323182391,
      69.23020722525513,
      4.7426989282491076e-40,
      4250.670009408187,
      33.95215352984056,
      49.45657621016432
    ],
    [
      0.7448733154934984,
      67.56674780870928,
      172.39596430447045,
      154.5165942346987,
      95.47249999863391,
      89.22655058881243,
      559.701394427412,
      107.2166215871086,
      2513.0441249331807
    ],
    [
      11.687367691111488,
      15.014839916103977,
      146.92235750127992,
      2.3638659800881416e-06,
      9.097418319746362e-06,
      66.94237712407586,
      478.2804087470959,
      646.6596071506564,
      4122.8154307587765
    ]
  ],
  "Σγo": [
    [
      {
        "Hist": {
          "founder": 6.512759522641526e-137,
          "junior": 7867.267329285054,
          "manager": 6.474747465365967e-95,
          "senior": 1133.9472848111427,
          "senior_staff": 1.279028775403056,
          "staff": 136.16044093995387,
          "tech": 6233.566974538289,
          "vp": 1.1010385791665241e-122
        },
        "Sum": 15372.221058349814
      },
      {
        "Hist": {
          "facebook": 3065.9302616404716,
          "google": 7602.983225760623,
          "linkedin": 4703.307570948728
        },
        "Sum": 15372.221058349729
      }
    ],
    [
      {
        "Hist": {
          "director": 4.918356428782815e-167,
          "founder": 4.652590875567728e-62,
          "junior": 510.73267071495957,
          "manager": 4.395258208941803e-32,
          "senior": 6692.999717555693,
          "senior_manager": 2.8882569322564213e-53,
          "senior_staff": 9.675083175220753e-17,
          "staff": 2485.1068485289784,
          "tech": 3264.955220093729,
          "vp": 2.0602795694925816e-62
        },
        "Sum": 12953.794456893314
      },
      {
        "Hist": {
          "facebook": 2621.6907103998096,
          "google": 6449.8838046289975,
          "linkedin": 3882.2199418645414
        },
        "Sum": 12953.794456893345
      }
    ],
    [
      {
        "Hist": {
          "director": 2.627920509237442e-32,
          "founder": 1589.9855875065566,
          "junior": 6.313855566710179e-58,
          "manager": 1.6357627694819683,
          "senior": 564.417397480389,
          "senior_manager": 2.6888071023002276,
          "senior_staff": 5223.745471632836,
          "staff": 5007.52973172137,
          "tech": 535.4778053679913,
          "vp": 0.8942319220091005
        },
        "Sum": 12926.374795502898
      },
      {
        "Hist": {
          "facebook": 2560.477099356148,
          "google": 6538.532381655686,
          "linkedin": 3827.3653144911004
        },
        "Sum": 12926.374795502852
      }
    ],
    [
      {
        "Hist": {
          "director": 743.6290141427248,
          "founder": 0.00016791567469860312,
          "manager": 730.4278373693386,
          "senior": 1.298279693967459e-116,
          "senior_manager": 6269.999211211641,
          "senior_staff": 1.4168526893052806e-34,
          "staff": 3.3535028556865925,
          "vp": 655.5911706504876
        },
        "Sum": 8403.00090414557
      },
      {
        "Hist": {
          "facebook": 1699.8764352074495,
          "google": 4231.901676166856,
          "linkedin": 2471.2227927712443
        },
        "Sum": 8403.000904145556
      }
    ],
    [
      {
        "Hist": {
          "director": 509.8619595956902,
          "founder": 2.1929521886120478,
          "manager": 5299.11481328762,
          "senior": 2.045504058023076,
          "senior_manager": 572.9208093406987,
          "senior_staff": 0.2590155855101421,
          "staff": 1.0554840978675334e-115,
          "vp": 513.2824145760602
        },
        "Sum": 6899.677468632273
      },
      {
        "Hist": {
          "facebook": 1349.8058622896008,
          "google": 3457.261684292025,
          "linkedin": 2092.6099220506335
        },
        "Sum": 6899.67746863224
      }
    ],
    [
      {
        "Hist": {
          "director": 361.10487552608015,
          "founder": 3.5667826469764057e-34,
          "junior": 1.5539351989142016e-61,
          "manager": 372.7896944312481,
          "senior": 450.0530152427582,
          "senior_manager": 364.25464918130746,
          "senior_staff": 426.18107832273694,
          "staff": 405.8494759540103,
          "tech": 3.689216478600452e-50,
          "vp": 294.56333827018557
        },
        "Sum": 2674.796126928386
      },
      {
        "Hist": {
          "facebook": 550.4425224126084,
          "google": 1345.2296726209443,
          "linkedin": 779.1239318947697
        },
        "Sum": 2674.79612692835
      }
    ],
    [
      {
        "Hist": {
          "director": 896.0185617006811,
          "founder": 11119.849228339184,
          "junior": 1.3601244842446005e-184,
          "manager": 865.0399644129297,
          "senior": 801.537080852001,
          "senior_manager": 832.2102113382907,
          "senior_staff": 1.3527009487956781e-40,
          "staff": 8.754488841357546e-32,
          "tech": 1.0633882305032084e-201,
          "vp": 6.517132311216611
        },
        "Sum": 14521.172178954403
      },
      {
        "Hist": {
          "facebook": 2948.0485924699888,
          "google": 7322.279579038218,
          "linkedin": 4250.844007446064
        },
        "Sum": 14521.172178954297
      }
    ],
    [
      {
        "Hist": {
          "director": 7557.372291797994,
          "founder": 0.04271041388113152,
          "manager": 756.9646565500815,
          "senior": 4.474890989566123e-68,
          "senior_manager": 802.222793561761,
          "senior_staff": 6.9340399343073885e-06,
          "staff": 5.20393954443098e-49,
          "vp": 650.9511910565182
        },
        "Sum": 9767.553650314278
      },
      {
        "Hist": {
          "facebook": 1993.7903312917433,
          "google": 4862.534013244823,
          "linkedin": 2911.2293057776737
        },