{
  "S1": [
    51.82284575902216,
    333.8923982312804,
    414.6388630650353,
    463.3577638476506,
    1523.2428290722362,
    536.4176191903367,
    1517.8171708925415,
    1001.5521722730163,
    3003.036215681118,
    109.7360335025659,
    1044.48608848521
  ],
  "S1Sum": 10000.000000000031,
  "Σγ": [
    557.2992505542944,
    5518.967077413794,
    4050.6480324005574,
    3760.713199082737,
    3222.0653833328493,
    3688.630691734818,
    4859.568120515636,
    3680.5959804888334,
    4142.230421759587,
    1103.0625432108345,
    5416.219299506008
  ],
  "Σξ": [
    [
      489.74685637694415,
      2.03360658710465e-40,
      5.418670929639265,
      7.944508037706757,
      12.63353204760343,
      16.43442734963703,
      11.805352621051052,
      0.6897890471663584,
      8.884206983211875,
      6.733194644951502e-07,
      3.7419064880151014
    ],
    [
      1.9354200848027704e-29,
      4845.650871144342,
      55.434387485924404,
      41.34548690716051,
      70.37110430667146,
      67.79423233516748,
      103.17849102579845,
      59.79254960160776,
      109.05292814323423,
      3.2279589831135898,
      163.1190674808134
    ],
    [
      44.996914560213916,
      486.10415266495943,
      2866.859683341673,
      542.1041868739087,
      2.1169712598995086e-28,
      1.3308533037505776,
      3.373256649141723e-89,
      6.3177393493433585e-12,
      1.7208305936565496e-63,
      0.0006470201069267473,
      109.25159463596152
    ],
    [
      48.7112051826953,
      694.0498120698563,
      2044.3659964213427,
      91.04440024487911,
      133.53072475206542,
      61.26585342718254,
      5.868673161996144e-08,
      97.19356680157951,
      1.4189698383985165,
      402.26896882153545,
      186.86370146452458
    ],
    [
      59.14030624855603,
      601.8439623717916,
      5.850825834116465e-15,
      33.03804860630816,
      35.37105991326871,
      37.47382206019607,
      35.516480828118,
      2192.3344807330222,
      0.02230152115599451,
      40.44063616196505,
      186.88428488845958
    ],
    [
      10.769135492378966,
      78.81486914012092,
      6.2562438260241295,
      100.86089927352012,
      118.40767003668942,
      487.6275561112667,
      292.7784619272883,
      242.61670102758524,
      5.55919089455612e-56,
      11.721830685488381,
      2338.7773242144744
    ],
    [
      17.99069551781823,
      263.59006946919993,
      4.703350400852152,
      4.1020652271726945,
      655.5300575373969,
      2758.5671791481236,
      378.32374352926894,
      345.5111292776182,
      355.5178183531155,
      21.627162005072833,
      54.10485005002048
    ],
    [
      53.06709650356578,
      604.2964817276144,
      0.0001530936666989794,
      2449.3925396230106,
      104.19376609928351,
      61.00428678641112,
      69.67819610446669,
      60.451552267229076,
      1.3643449618628588e-30,
      66.62589656431011,
      211.88601171926092
    ],
    [
      0.45230655880404375,
      2.077948674498136,
      2.6179596645380333e-33,
      1.2383150447108622e-34,
      701.9534507228913,
      0.0005535956079159577,
      2675.3369066016617,
      0.0008074175405783169,
      759.8401951165521,
      2.017515485221999e-06,
      2.568251054521908
    ],
    [
      2.554897222492971,
      49.67495633003783,
      1.15131483510398e-08,
      124.09538542261576,
      0.00012944513562793556,
      9.37717579285641,
      8.84051338890348,
      14.738646438809994,
      7.4711867588539,
      866.310562939083,
      19.99908946053366
    ],
    [
      35.893654936344284,
      348.2670219480248,
      639.8516763830897,
      1037.2273414018334,
      98.84960281260652,
      64.18065518987642,
      48.11154997838043,
      84.25746519016747,
      26.64825686754106,
      105.23646099871235,
      2927.6956137994084
    ]
  ],
  "Σγo": [
    [
      {
        "Hist": {
          "director": 510.12987474261803,
          "founder": 2.5365571973474633e-31,
          "junior": 1.2012277453394315e-151,
          "manager": 0.8941462513876562,
          "senior": 146.0671341307001,
          "senior_manager": 580.2768769518649,
          "senior_staff": 187.81174376451258,
          "staff": 204.40825497695278,
          "tech": 1.1896184292369104e-105,
          "vp": 0.7037978996370142
        },
        "Sum": 1630.291828717672
      },
      {
        "Hist": {
          "facebook": 315.516436797139,
          "google": 869.9422957260039,
          "linkedin": 444.833096194532
        },
        "Sum": 1630.2918287176708
      }
    ],
    [
      {
        "Hist": {
          "director": 988.9331441967129,
          "founder": 12034.121653960206,
          "junior": 1.8771173156241868e-218,
          "manager": 960.013128088855,
          "senior": 791.9085083766048,
          "senior_manager": 924.2618947338194,
          "senior_staff": 3.194295563667866e-40,
          "staff": 3.6053251600552816e-51,
          "tech": 4.806184846491683e-213,
          "vp": 917.2867581872355
        },
        "Sum": 16616.525087543443
      },
      {
        "Hist": {
          "facebook": 3329.3929564578107,
          "google": 8411.249766739664,
          "linkedin": 4875.882364345929
        },
        "Sum": 16616.525087543425
      }
    ],
    [
      {
        "Hist": {
          "director": 1125.9165546742843,
          "founder": 1.1435598150123887,
          "manager": 25.286952755242414,
          "senior": 9.903497450007819e-52,
          "senior_manager": 870.8536727605047,
          "senior_staff": 3.221286361978274,
          "staff": 1.8975708184652572e-26,
          "vp": 10048.636023550476
        },
        "Sum": 12075.058049917423
      },
      {
        "Hist": {
          "facebook": 2380.1087501564903,
          "google": 6070.12676929484,
          "linkedin": 3624.8225304661933
        },
        "Sum": 12075.058049917488
      }
    ],
    [
      {
        "Hist": {
          "director": 7509.24970264122,
          "founder": 1.609730668842212e-05,
          "manager": 842.8920010164694,
          "senior": 2.220624407001258e-62,
          "senior_manager": 741.2215406737546,
          "senior_staff": 1.6647783258860704,
          "staff": 2.7346325899819624e-51,
          "vp": 693.9972121769181
        },
        "Sum": 9789.025250931578
      },
      {
        "Hist": {
          "facebook": 1996.3600639996675,
          "google": 4857.285999335858,
          "linkedin": 2935.379187596014
        },
        "Sum": 9789.025250931554
      }
    ],
    [
      {
        "Hist": {
          "director": 543.5523839262501,
          "founder": 1.1110637705231738,
          "manager": 5219.278072550277,
          "senior": 2.146261004478155,
          "senior_manager": 606.5984436724716,
          "senior_staff": 2.1781081708185715e-24,
          "staff": 2.429531362029442e-134,
          "vp": 535.4816285677126
        },
        "Sum": 6908.167853491682
      },
      {
        "Hist": {
          "facebook": 1354.2426011416576,
          "google": 3464.08740313399,
          "linkedin": 2089.8378492160473
        },
        "Sum": 6908.1678534917055
      }
    ],
    [
      {
        "Hist": {
          "director": 9.929414644477286e-190,
          "founder": 1.4366971507410429e-43,
          "junior": 538.1770523895441,
          "manager": 2.973726946316665e-50,
          "senior": 6104.152770832731,
          "senior_manager": 0.16863334620718953,
          "senior_staff": 1.8002294541168556e-23,
          "staff": 934.145907492552,
          "tech": 626.3040645197935,
          "vp": 9.748328649331888e-83
        },
        "Sum": 8202.948428580807
      },
      {
        "Hist": {
          "facebook": 1657.0495397503807,
          "google": 4064.8931110893927,
          "linkedin": 2481.0057777410334
        },
        "Sum": 8202.948428580848
      }
    ],
    [
      {
        "Hist": {
          "director": 6.522184037192878e-290,