{
  "S1": [
    95.47513700011012,
    74.24176495351821,
    84.910263430659,
    990.2791339640276,
    780.3139438528258,
    348.0033527629281,
    4313.598651119015,
    460.3528828259983,
    909.1180217249077,
    271.8161305542847,
    1524.6955109790006,
    147.1952068327144
  ],
  "S1Sum": 10000.000000000024,
  "Σγ": [
    1201.7281225860231,
    817.722886496997,
    748.3184287532583,
    3591.96528687958,
    5284.706928715001,
    3418.812010224848,
    7814.435866667301,
    3766.0027466550487,
    3856.920780976908,
    4318.603378429684,
    3156.917259723442,
    2023.8663038919035
  ],
  "Σξ": [
    [
      997.3753782200896,
      8.24793509047799e-37,
      6.378473455737198,
      29.696190679285095,
      40.20842813521253,
      22.667138092128155,
      43.934977536254635,
      22.638763735555962,
      9.716842540179764,
      2.505785365940629e-60,
      26.87393924458823,
      2.2379909469934427
    ],
    [
      9.103904174558866e-18,
      728.2289156408093,
      1.8611990500365604e-18,
      3.6636855286599483,
      35.90127416883125,
      2.6930468066303135,
      28.166566874194505,
      4.974663302565386,
      6.251492849933193,
      0.6709234697734223,
      7.172317855598822,
      1.2885691606564793e-36
    ],
    [
      13.70531474343146,
      5.1396856751212595e-21,
      540.536162316265,
      3.30438505307603e-21,
      1.233636984603811,
      5.279289110794778e-27,
      2.6719270485545246,
      94.94582402024035,
      1.7365522379797802,
      80.81016185794091,
      3.069719342797653e-55,
      12.678849544243883
    ],
    [
      156.4745798551844,
      81.311593046381,
      0.16591676145546488,
      41.46093363376455,
      115.91052159190983,
      7.65047547477705e-22,
      28.67164218194706,
      2410.3323678044994,
      45.082786320087536,
      454.2785151798976,
      76.39887602187524,
      181.87755448257806
    ],
    [
      61.44535970443401,
      32.330981915944,
      0.7252871618827227,
      390.3909440159889,
      1903.6420103639816,
      3.9038438615390207,
      63.45927607978771,
      115.27318851582497,
      2255.3481637649816,
      154.44268466716835,
      223.47201948891794,
      80.27316917454755
    ],
    [
      102.23230618781483,
      48.07333376293732,
      8.227485906867116e-26,
      3.16098774033954e-28,
      3.8295470208258373,
      2388.9299172812184,
      7.419793325005084e-187,
      487.5435730646871,
      7.107408376492794,
      318.26635560642677,
      9.249570559606379e-48,
      62.82956892445839
    ],
    [
      35.771005714517905,
      18.050243168006332,
      5.256438795412308,
      204.48526369358626,
      2735.964810248687,
      0.0036865259209726345,
      3416.7817322303363,
      3.88180880060884e-24,
      2.9751955516141693e-45,
      129.08914137551864,
      1237.2125735820873,
      31.82097133319194
    ],
    [
      154.9335606382385,
      92.21900145373331,
      359.65004047896906,
      92.93349883714167,
      81.39921048339285,
      1717.9039629965246,
      3.8787540978300104e-10,
      89.65437856068657,
      37.18610938726842,
      481.80329317938526,
      91.48490065707935,
      566.8347899822506
    ],
    [
      53.67301652596646,
      58.34863130361031,
      104.03786936191025,
      28.9053838872617,
      25.18368117947311,
      521.6053162813506,
      18.54780309523466,
      1010.1287105003956,
      1541.2074482854625,
      277.1308089658199,
      70.46579533172391,
      147.68631625869313
    ],
    [
      1.5329227785294204e-61,
      1.6355715152158952e-28,
      25.783232032146433,
      44.27504645821548,
      63.37022949622763,
      40.1472390073646,
      132.12727062390238,
      32.04247916516363,
      118.75217712743671,
      3793.1007341862587,
      69.00497033295223,
      6.229479921189213e-48
    ],
    [
      131.06523125753972,
      76.37265814409834,
      14.351317421146971,
      2118.43622372826,
      62.53505522180293,
      1.091203469128436e-22,
      21.748608149854313,
      37.343106818935055,
      51.604687272779714,
      476.3446149523831,
      33.543661291443534,
      133.57209546518658
    ],
    [
      6.43766668580858,
      1.07285614441025e-14,
      2.503710294433915,
      22.848575353006748,
      36.20792064766291,
      3.1617911832792194e-20,
      55.283567669572776,
      125.41051678198403,
      41.533230060659584,
      5.774950879949302,
      9.619229876649134,
      1718.2469356421655
    ]
  ],
  "Σγo": [
    [
      {
        "Hist": {
          "director": 5.172030128667847e-95,
          "founder": 1777.9282754148644,
          "junior": 9.209932723696526e-107,
          "manager": 1.5900520078672362e-86,
          "senior": 1.1869066661204382e-06,
          "senior_manager": 2.2759421303240635e-42,
          "senior_staff": 921.4080798952714,
          "staff": 917.840756569225,
          "tech": 7.742242531733591e-75,
          "vp": 9.500173051425876e-73
        },
        "Sum": 3617.1771130662555
      },
      {
        "Hist": {
          "facebook": 643.4054265219773,
          "google": 1919.9873760628977,
          "linkedin": 1053.7843104813985
        },
        "Sum": 3617.1771130662705
      }
    ],
    [
      {
        "Hist": {
          "director": 583.5644033212108,
          "founder": 1.4737654086092955e-34,
          "junior": 4.222032524925679e-187,
          "manager": 438.1104631113982,
          "senior": 0.7544316972844961,
          "senior_manager": 495.55851765142006,
          "senior_staff": 321.95069592346215,
          "staff": 373.9564526810639,
          "tech": 1.7748558980733548e-123,
          "vp": 204.45928239223826
        },
        "Sum": 2418.354246778076
      },
      {
        "Hist": {
          "facebook": 504.6619706362006,
          "google": 1238.0586451252166,
          "linkedin": 675.6336310166565
        },
        "Sum": 2418.354246778052
      }
    ],
    [
      {
        "Hist": {
          "director": 0.0006651666985932437,
          "founder": 3.4671441063209736,
          "manager": 37.50143207640867,
          "senior": 6.541970963784057e-51,
          "senior_manager": 1133.2184763232476,
          "senior_staff": 2.182850202120767,
          "staff": 5.192173494537225e-61,
          "vp": 1112.2268551452423
        },
        "Sum": 2288.5974230200395
      },
      {
        "Hist": {
          "facebook": 422.1103315109186,
          "google": 1245.7241054292967,
          "linkedin": 620.762986079818
        },
        "Sum": 2288.597423020041
      }
    ],
    [
      {
        "Hist": {
          "director": 673.5908296412589,
          "founder": 2.7111054122594325e-34,
          "manager": 704.4385269846472,
          "senior": 1.7501516284900703e-64,
          "senior_manager": 5920.512431917773,
          "senior_staff": 5.222088304951926e-40,
          "staff": 1.4841271222287258,
          "vp": 634.7238438925076
        },
        "Sum": 7934.7497595583945
      },
      {
        "Hist": {
          "facebook": 1616.4881645445914,
          "google": 3967.009910923777,
          "linkedin": 2351.251684090034
        },
        "Sum": 7934.74975955839
      }
    ],
    [
      {
        "Hist": {
          "director": 4.717637117615749e-156,
          "founder": 4.711735867081784e-33,
          "junior": 451.1154942317366,
          "manager": 0.0007855796041242048,
          "senior": 6550.905683257089,
          "senior_manager": 5.090624869244135e-05,
          "senior_staff": 4.050418252403552e-18,
          "staff": 2253.5435613396353,
          "tech": 2515.834963476605,
          "vp": 8.792569909151948e-29
        },
        "Sum": 11771.400538790864
      },
      {
        "Hist": {
          "facebook": 2370.4932895455668,
          "google": 5871.385783927928,
          "linkedin": 3529.5214653174226
        },