{
  "S1": [
    976.458488461403,
    434.1910166608304,
    3013.1237677543186,
    2522.7159400309524,
    524.6316115880534,
    689.7969915958016,
    1496.0234169264995,
    343.05876698214934
  ],
  "S1Sum": 10000.000000000158,
  "Σγ": [
    4417.877451892824,
    6502.575185275634,
    4149.698286099813,
    6825.54546172636,
    3642.683183625206,
    5711.667361369542,
    4827.496545264299,
    3922.4565247463397
  ],
  "Σξ": [
    [
      1970.6112416762655,
      414.7639237976291,
      2.7540972494061986,
      147.6211742233848,
      45.08699995260767,
      1309.998590631051,
      28.344850273162336,
      498.6965740893071
    ],
    [
      168.8584451261982,
      5661.952580882148,
      126.15926979671215,
      174.2941616052185,
      93.16105555180084,
      100.458545027744,
      125.06660774960628,
      52.62451953619103
    ],
    [
      3.4215243738478973,
      2.2530041630376645,
      763.2684576898487,
      708.9265074432794,
      3.476781622162446e-10,
      1.896040388262898e-25,
      2671.8287924294623,
      7.395793262121553e-51
    ],
    [
      150.2741145217021,
      1350.856661234841,
      1.594227133383399e-14,
      2394.341563893234,
      103.20248163286212,
      2600.8608930083665,
      104.73666576198173,
      121.27308167330528
    ],
    [
      2356.123637128894,
      102.58569057048423,
      2.023068632131438e-42,
      336.18476079745943,
      430.5935298686311,
      123.10404684024917,
      277.91053518277494,
      16.180983236715466
    ],
    [
      70.48855868732305,
      1050.402693660393,
      6.025962268146873,
      297.63198510632355,
      78.59394714996891,
      2278.552701102643,
      8.548061580289959,
      1921.4234518144433
    ],
    [
      3.794382145048699e-20,
      307.5047967351943,
      353.34393188131173,
      989.3392143716106,
      2751.1639897690707,
      9.686293012112738,
      382.15925092831714,
      34.29906856668269
    ],
    [
      30.494129646502003,
      406.9375018516255,
      13.166871733095869,
      6.378521735397209,
      17.062547796966168,
      506.814512309908,
      10.36204155411213,
      2931.2403981187317
    ]
  ],
  "Σγo": [
    [
      {
        "Hist": {
          "director": 1.4131613764625026e-36,
          "founder": 3.149096073973746e-05,
          "junior": 1.086317878368461e-23,
          "manager": 0.39428727281817444,
          "senior": 845.3561348799001,
          "senior_manager": 6.85089124900336e-36,
          "senior_staff": 4547.466128569875,
          "staff": 5256.0979905610875,
          "tech": 802.6089469127287,
          "vp": 1.536759556924868
        },
        "Sum": 11453.460279244344
      },
      {
        "Hist": {
          "facebook": 2335.6219605076276,
          "google": 5705.208801839695,
          "linkedin": 3412.6295168969373
        },
        "Sum": 11453.460279244291
      }
    ],
    [
      {
        "Hist": {
          "director": 1197.3257258085237,
          "founder": 12766.528208397272,
          "junior": 3.427100043150583e-144,
          "manager": 1150.6990058111048,
          "senior": 1092.151278711839,
          "senior_manager": 1141.450759971993,
          "senior_staff": 1026.5707347610103,
          "staff": 1088.1700256506406,
          "tech": 8.379214016374306e-126,
          "vp": 2.7785404998071414e-18
        },
        "Sum": 19462.89573911241
      },
      {
        "Hist": {
          "facebook": 3873.9405231289124,
          "google": 9874.803536864618,
          "linkedin": 5714.151679118802
        },
        "Sum": 19462.89573911224
      }
    ],
    [
      {
        "Hist": {
          "founder": 4.652102813477612e-140,
          "junior": 7098.55874448802,
          "manager": 3.2782097803161325e-91,
          "senior": 697.717886778196,
          "senior_staff": 3.9796082781019554e-84,
          "staff": 7.637358904065524e-13,
          "tech": 759.4080854794707
        },
        "Sum": 8555.684716745702
      },
      {
        "Hist": {
          "facebook": 1669.153091420748,
          "google": 4237.6473373004,
          "linkedin": 2648.8842880245465
        },
        "Sum": 8555.684716745685
      }
    ],
    [
      {
        "Hist": {
          "director": 969.1573883062922,
          "founder": 6.2434461833661015,
          "manager": 6312.641579624715,
          "senior": 3.3783781430023905,
          "senior_manager": 6375.984758450136,
          "senior_staff": 1.8957094676479527,
          "staff": 2.319300810803662,
          "vp": 1483.2470974277658
        },
        "Sum": 15154.867658413721
      },
      {
        "Hist": {
          "facebook": 2968.0513157491228,
          "google": 7662.696642666495,
          "linkedin": 4524.119699998163
        },
        "Sum": 15154.867658413641
      }
    ],
    [
      {
        "Hist": {
          "director": 1.2314797070934569e-140,
          "founder": 1.8243394893775989e-57,
          "junior": 544.9381408217156,
          "manager": 1.967414184120741e-33,
          "senior": 6060.506023099067,
          "senior_manager": 5.018141455646921e-05,
          "senior_staff": 1.165370100985205,
          "staff": 890.6358212012099,
          "tech": 589.7469212162126,
          "vp": 3.632783086439051e-24
        },
        "Sum": 8086.992326620612
      },
      {
        "Hist": {
          "facebook": 1629.1126141909122,
          "google": 4007.324482217468,
          "linkedin": 2450.5552302122383
        },
        "Sum": 8086.9923266205815
      }
    ],
    [
      {
        "Hist": {
          "director": 9195.516885885192,
          "founder": 0.015501867535839271,
          "manager": 920.6334327998378,
          "senior": 1.2799974719172097e-11,
          "senior_manager": 2289.8110633364176,
          "senior_staff": 6.2924603655734686,
          "staff": 4.093046933237144,
          "vp": 2822.182755868033
        },
        "Sum": 15238.545147055609
      },
      {
        "Hist": {
          "facebook": 3116.1119796135863,
          "google": 7647.972507097825,
          "linkedin": 4474.46066034439
        },
        "Sum": 15238.545147055847
      }
    ],
    [
      {
        "Hist": {
          "director": 1.60846845256839e-236,
          "founder": 3.5743262667005706e-124,
          "junior": 734.5031146902672,
          "manager": 2.4923150600010226e-50,
          "senior": 852.8566093888865,
          "senior_manager": 5.3083381395248057e-247,
          "senior_staff": 1.833283396886936,
          "staff": 738.5313909047808,
          "tech": 7882.23604639158,
          "vp": 7.143794909056666e-33
        },
        "Sum": 10209.960444772385
      },
      {
        "Hist": {
          "facebook": 2099.3070270583316,
          "google": 5060.904768316346,
          "linkedin": 3049.7486493977403
        },
        "Sum": 10209.960444772381
      }
    ],
    [
      {
        "Hist": {
          "director": 4.4761762323685134e-12,
          "founder": 855.2128120608719,
          "manager": 858.6316944915416,
          "senior": 93.03368899909422,
          "senior_manager": 5.75336806001534,
          "senior_staff": 69.77631333802769,
          "staff": 58.15242393824108,
          "tech": 9.82549284e-316,
          "vp": 9897.033387147283
        },
        "Sum": 11837.593688035156
      },
      {
        "Hist": {
          "facebook": 2301.701488330754,
          "google": 5905.441923697101,
          "linkedin": 3630.4502760071696
        },
        "Sum": 11837.593688035187
      }
    ]
  ]
}