{
  "S1": [
    1515.5962018327916,
    382.1809776736795,
    955.1389520517625,
    534.2392041113052,
    3003.1545716331134,
    1016.1107598602606,
    527.13408934009,
    469.1983442377004,
    1511.535327434121,
    85.71157182517372
  ],
  "S1Sum": 10000.00000000006,
  "Σγ": [
    3223.288517313579,
    5922.964231064231,
    4288.650656382984,
    5503.571758742974,
    4138.930490437449,
    3767.5135519598903,
    3650.3571611860066,
    3767.5293626735256,
    4846.746127624031,
    890.4481426152568
  ],
  "Σξ": [
    [
      85.5989247295498,
      641.3872986357635,
      67.99203899718883,
      77.17195418267856,
      9.265202531221397e-22,
      2158.5072726042717,
      38.88928302019422,
      33.51887077459373,
      35.118846973461935,
      85.1040273958653
    ],
    [
      90.71745534352,
      5126.119111703186,
      169.54142524471607,
      78.32361764973265,
      117.48326990735666,
      87.08189696374284,
      80.36083583384763,
      58.508888696484895,
      114.827729721632,
      5.438352346957215e-49
    ],
    [
      74.98096632327955,
      379.50685258310136,
      1876.0224243918549,
      756.0345945386788,
      1.3562382348530515,
      64.76667628247111,
      45.803207656162066,
      1020.290300827036,
      25.32580917304864,
      44.5635863725343
    ],
    [
      1.9190087926819115,
      593.1680168629631,
      29.68878172709682,
      4133.345243435682,
      10.73422398287223,
      8.364878692380892e-06,
      13.499622138869361,
      648.4715652294827,
      6.0633093506388525,
      66.68197885781389
    ],
    [
      701.8947391964525,
      2.282157592276065,
      3.810306720255915,
      4.96694128808592e-40,
      759.0930413705304,
      0.12967275722194255,
      9.841136723483724e-10,
      1.5245099313871986e-29,
      2671.720572799738,
      1.6530544461765187e-37
    ],
    [
      111.77664081524878,
      675.7252957989834,
      59.73799472458678,
      100.6906150177176,
      2.0840567545534792e-40,
      131.0542852657019,
      65.38252122935387,
      2460.0568458163943,
      72.50743241736996,
      90.58192087455433
    ],
    [
      113.51533049115925,
      95.44437371785148,
      2342.1377996605306,
      23.14111430717279,
      1.732623107432505e-52,
      239.27283257440865,
      449.16433444865146,
      95.31856121433813,
      277.67624349714043,
      14.686571274745306
    ],
    [
      96.96148197984436,
      682.4506965070118,
      49.97118377003566,
      2520.9809389889683,
      1.8760951500944274,
      157.26982867438335,
      65.54468512147616,
      107.80534413648141,
      0.00031230456564019127,
      84.66879604065818
    ],
    [
      655.7205920752485,
      286.3488890738957,
      5.176329203717096e-21,
      39.235521950401186,
      355.3762963782025,
      343.79849326256243,
      2748.990527449432,
      2.184393397754656,
      385.706982596149,
      29.38443144038419
    ],
    [
      6.301591854243503,
      0.0957350546130389,
      2.5310916833179053,
      2.609029534247422,
      18.843693882915147,
      8.512175648028231,
      17.133078829005115,
      8.27704155256871,
      23.74709999238394,
      802.3976045839338
    ]
  ],
  "Σγo": [
    [
      {
        "Hist": {
          "director": 512.9978557339678,
          "founder": 1.6861919966582155,
          "manager": 5307.147062883271,
          "senior": 2.6912934078494026,
          "senior_manager": 573.915706219262,
          "senior_staff": 1.8380564941228564e-13,
          "staff": 4.1207428633291944e-136,
          "vp": 511.52775662703704
        },
        "Sum": 6909.965866868028
      },
      {
        "Hist": {
          "facebook": 1352.4633650583899,
          "google": 3465.760512470826,
          "linkedin": 2091.7419893388287
        },
        "Sum": 6909.965866868002
      }
    ],
    [
      {
        "Hist": {
          "director": 889.2401862463582,
          "founder": 12690.0757015681,
          "junior": 2.4094239796821744e-170,
          "manager": 858.2930141262209,
          "senior": 865.6882529401893,
          "senior_manager": 829.3444778056726,
          "senior_staff": 791.2420116238893,
          "staff": 805.0503871944163,
          "tech": 1.699677733905404e-141,
          "vp": 0.48477890183567657
        },
        "Sum": 17729.418810406452
      },
      {
        "Hist": {
          "facebook": 3536.222985759249,
          "google": 9003.786766385498,
          "linkedin": 5189.409058261928
        },
        "Sum": 17729.41881040664
      }
    ],
    [
      {
        "Hist": {
          "director": 3.301313139424194e-60,
          "founder": 0.9086591067554389,
          "junior": 1.256901236853536e-25,
          "manager": 0.12849127442337996,
          "senior": 707.4546489687506,
          "senior_manager": 1.133348515373909e-67,
          "senior_staff": 4444.872053103287,
          "staff": 5171.971376091382,
          "tech": 787.808769397734,
          "vp": 3.519437259963717e-10
        },
        "Sum": 11113.143997942712
      },
      {
        "Hist": {
          "facebook": 2246.3216729755654,
          "google": 5563.321281038915,
          "linkedin": 3303.5010439281855
        },
        "Sum": 11113.143997942734
      }
    ],
    [
      {
        "Hist": {
          "director": 1304.2885146099838,
          "founder": 934.428992727883,
          "manager": 1225.4586036807736,
          "senior": 4.557224896841775e-17,
          "senior_manager": 975.1710990055166,
          "senior_staff": 3.6188829179994255,
          "staff": 9.024624957945347e-36,
          "vp": 12088.577574490977
        },
        "Sum": 16531.543667433176
      },
      {
        "Hist": {
          "facebook": 3211.1023212369187,
          "google": 8315.66203379605,
          "linkedin": 5004.779312400175
        },
        "Sum": 16531.543667433125
      }
    ],
    [
      {
        "Hist": {
          "founder": 4.108263598113436e-123,
          "junior": 7091.522362637703,
          "manager": 1.0693423613526016e-108,
          "senior": 698.7879649612177,
          "senior_staff": 2.1688170243759815e-83,
          "staff": 4.354201428685194e-20,
          "tech": 745.5245334809441
        },
        "Sum": 8535.834861079866
      },
      {
        "Hist": {
          "facebook": 1662.007333406677,
          "google": 4231.727931160407,
          "linkedin": 2642.099596512794
        },
        "Sum": 8535.834861079882
      }
    ],
    [
      {
        "Hist": {
          "director": 740.9102759216333,
          "founder": 2.8329068406638016e-09,
          "manager": 741.6301166826231,
          "senior": 2.7914621995036353e-117,
          "senior_manager": 6271.3892170821,
          "senior_staff": 2.1567530127948948e-41,
          "staff": 2.221959421610323,
          "vp": 656.8562354050937
        },
        "Sum": 8413.007804515835
      },
      {
        "Hist": {
          "facebook": 1704.470923234083,
          "google": 4229.248998896693,
          "linkedin": 2479.2878823851142
        },
        "Sum": 8413.007804515884
      }
    ],
    [
      {
        "Hist": {
          "director": 9.952715910327789e-198,
          "founder": 1.5993483722571795e-56,
          "junior": 541.779692991213,
          "manager": 6.873866573401755e-62,
          "senior": 6059.013326965361,
          "senior_manager": 6.728299266114909e-33,
          "senior_staff": 0.21960002241831691,
          "staff": 906.0828220261617,
          "tech": 596.7089281309841,
          "vp": 6.106026747550662e-79
        },
        "Sum": 8103.804370136175
      },
      {
        "Hist": {
          "facebook": 1633.8465712806778,
          "google": 4013.6317839110984,
          "linkedin": 2456.326014944352
        },
        "Sum": 8103.804370136135
      }
    ],
    [
      {
        "Hist": {
          "director": 7580.96626932301,
          "founder": 0.9004545977636912,
          "manager": 754.5451224211581,